cumulative_range,n_samples,rmse,mae,mape
0-50,52,31.01362245359418,18.60643576204502,8.481384788299037
50-100,273,37.326222927346784,23.166192113270043,9.364569406857965
100-200,315,45.1571173121066,28.642647703043647,9.820507936525185
200-300,113,49.008654964770344,35.290175455718824,9.851166191748808
300-500,13,66.84016419942316,49.63985269542687,13.258879734712817
