cumulative_range,optimal_lag_minutes,correlation,data_points
0-50,60,-0.29068076885810107,196
50-100,10,0.23567124888941224,1295
100-200,10,0.1267631189915971,1680
200-300,150,-0.08307261638067197,607
300-500,300,-0.8927092161559049,63
