cumulative_range,n_samples,rmse,mae,mape
0-50,47,88.37413623139827,64.56954402713421,26.07933988740302
50-100,252,73.95055829346393,55.29726087156352,22.914266362789366
100-200,309,124.09885614487465,79.25527660574602,26.333907612980635
200-300,142,123.61610706896059,86.40009006622464,23.588134103363586
300-500,13,104.64163447885353,88.32639371161576,23.286493384794646
