cumulative_range,n_samples,rmse,mae,mape
0-50,55,43.90622038936129,31.648536993274593,15.081849919976598
50-100,273,63.70992038576077,43.61146220386747,16.819887468116367
100-200,306,76.46331124413278,48.72849259106166,15.619293892152013
200-300,116,70.26990653014559,51.63277982615313,13.234227966599368
300-500,15,76.42245175187502,62.443876082882426,13.672515587384302
