cumulative_range,n_samples,rmse,mae,mape
0-50,54,63.513287503394864,44.784182149888,20.05943383792586
50-100,256,79.86829338799392,55.68631573632996,21.30237641675132
100-200,314,105.51340077466406,65.1240356128229,20.110783309582853
200-300,125,93.98091931049856,66.33403796310542,17.956839547442815
300-500,15,123.87697627205229,94.26275642382812,23.033611476822564
