rainfall_range,n_samples,rmse,mae,mape
0-10,324,122.64236416045692,85.68423864277855,30.965633943837688
10-20,74,179.8456408216552,126.74333084104344,36.778849757781416
20-30,14,205.40066932438847,183.6246640893347,49.03800227224445
30-50,6,331.0174620684704,301.114969312151,41.293618647875576
