rainfall_range,n_samples,rmse,mae,mape
0-10,344,64.42676691317916,37.005926363531884,13.35640517097049
10-20,64,65.79021443532237,44.802856246744795,14.07025282772077
20-30,9,59.99266417933213,51.00172369459957,17.067625768943536
