rainfall_range,n_samples,rmse,mae,mape
0-10,793,85.92133469929891,59.68668487841533,22.426483075669005
10-20,68,132.25494766812477,108.65643924467687,28.854289627916827
20-30,15,155.50778313363796,142.3017558932143,31.100735255947864
30-50,7,262.53428192489656,205.64184327312537,42.31758506530099
