rainfall_range,n_samples,rmse,mae,mape
0-10,797,54.249106717373095,36.97672111163652,13.474204120148963
10-20,72,87.40391585783921,66.11243963047579,18.917496613442715
20-30,12,108.2960715877744,104.0299981787972,26.944195314530457
