rainfall_range,n_samples,rmse,mae,mape
0-10,327,99.69659186212262,70.19934267924076,27.59041431112329
10-20,72,123.33092872552551,98.77192729950083,27.153869758813453
20-30,14,178.96795210161514,156.48960947785858,24.135236174272418
