rainfall_range,n_samples,rmse,mae,mape
0-10,331,90.77712475715204,60.609241243625156,22.99066437112521
10-20,69,94.14472003184774,72.86447566502402,24.305009835753662
20-30,14,128.0323261887193,91.55443034751292,20.312838859375095
30-50,7,273.13033080580124,241.40719960870533,31.822023658438386
