rainfall_range,n_samples,rmse,mae,mape
0-10,798,71.00950745623338,49.375034219849134,18.58583642368905
10-20,68,129.33089585032423,92.51763162272199,22.36200867180969
20-30,11,127.27478835440814,112.73782309194985,30.57413151962972
30-50,7,199.44231115717696,170.66345181506884,44.489787747376965
