rainfall_range,n_samples,rmse,mae,mape
0-10,793,34.02346469748409,21.21814717994657,7.811593890228257
10-20,77,66.81145113632806,44.11853438564036,12.79720252961058
20-30,11,70.25470159445346,61.48817083436895,21.80660089122279
