rainfall_range,optimal_lag_minutes,correlation,data_points
0-10,170,0.3363583776590103,3979
10-20,70,-0.11465253631650968,342
20-30,270,-0.5451516752606621,80
30-50,290,1.0,31
