discharge_range,optimal_lag_minutes,max_correlation,data_points
0-100,60,0.20694628975239782,570660
100-200,20,0.8022705641485813,4721
200-300,20,0.7347018995105146,1935
300-400,20,0.6656760076939534,715
400-500,10,0.6755176336591445,314
500-600,10,0.6719350146388264,149
600-700,20,0.618993290406107,119
700-800,20,0.40737222004619383,85
800-900,10,0.763504225166768,8
900-1000,10,0.3245304046849712,6
1000-1100,20,0.811562037561643,9
1100-1200,130,1.0,15
